City_ID,City,Country,Lat,Lng,Max Temp,Humidity,Cloudiness,Wind Speed,Current Description
0,Torbay,CA,47.67,-52.73,48.2,57,20,5.82,few clouds
1,Mataura,NZ,-46.19,168.86,45.0,73,78,10.0,light rain
2,Kapaa,US,22.08,-159.32,84.2,70,1,13.87,clear sky
3,Aykhal,RU,66.0,111.5,14.0,92,20,2.24,few clouds
4,Zonguldak,TR,41.25,31.83,61.77,90,39,4.23,scattered clouds
5,Nikolskoye,RU,59.7,30.79,45.0,93,46,2.24,fog
6,La Paz,BO,-16.5,-68.15,59.0,30,40,6.93,scattered clouds
7,Bluff,NZ,-46.6,168.33,45.0,73,98,10.0,light rain
8,Tambura,SS,5.6,27.47,69.39,95,62,1.9,broken clouds
9,Punta Arenas,CL,-53.15,-70.92,42.01,80,90,38.03,shower rain
10,Progreso,MX,21.28,-89.67,90.0,70,75,4.7,broken clouds
11,Saskylakh,RU,71.92,114.08,12.16,95,71,6.91,broken clouds
12,Hermanus,ZA,-34.42,19.23,48.0,88,0,10.92,clear sky
13,Khasan,RU,42.43,130.64,40.14,64,0,10.71,clear sky
14,Nhulunbuy,AU,-12.23,136.77,77.0,88,60,8.05,broken clouds
15,Agadez,NE,19.75,10.25,80.33,17,0,1.23,clear sky
16,Saint George,US,37.1,-113.58,82.99,13,1,3.51,clear sky
17,Omsukchan,RU,62.53,155.8,31.23,96,100,7.14,overcast clouds
18,Fortuna,US,40.6,-124.16,73.99,60,1,13.87,clear sky
19,Portland,US,45.52,-122.68,64.4,88,75,8.05,broken clouds
20,San Policarpo,PH,12.18,125.51,76.64,93,100,11.52,heavy intensity rain
21,Northam,GB,51.03,-4.22,53.01,88,84,10.0,broken clouds
22,Tiksi,RU,71.69,128.87,10.78,95,10,4.74,clear sky
23,Albany,US,42.6,-73.97,53.01,100,90,4.7,overcast clouds
24,Dikson,RU,73.51,80.55,29.82,93,100,6.73,overcast clouds
25,Rocha,UY,-34.48,-54.33,59.47,83,2,7.0,clear sky
26,Qaanaaq,GL,77.48,-69.36,22.66,80,0,6.17,clear sky
27,Saint-Philippe,RE,-21.36,55.77,71.6,73,37,5.82,light rain
28,Tuktoyaktuk,CA,69.45,-133.04,23.0,85,75,8.05,broken clouds
29,Hilo,US,19.73,-155.09,82.4,65,75,4.7,broken clouds
30,Labuhan,ID,-6.88,112.21,78.4,82,100,7.23,overcast clouds
31,Castro,BR,-24.79,-50.01,72.21,55,92,3.56,overcast clouds
32,Atuona,PF,-9.8,-139.03,78.17,74,7,19.06,clear sky
33,Mehamn,NO,71.04,27.85,33.8,86,40,6.93,scattered clouds
34,Puerto Ayora,EC,-0.74,-90.35,78.8,65,20,16.11,few clouds
35,Carnarvon,AU,-24.87,113.63,66.2,88,40,16.11,scattered clouds
36,Severo-Yeniseyskiy,RU,60.37,93.04,27.63,99,100,2.08,overcast clouds
37,Bredasdorp,ZA,-34.53,20.04,46.4,87,0,3.36,clear sky
38,Palana,RU,59.12,159.97,37.71,72,100,6.33,overcast clouds
39,Lebu,CL,-37.62,-73.65,54.34,84,0,20.96,clear sky
40,Okahandja,NA,-21.98,16.92,78.8,7,0,9.17,clear sky
41,Khatanga,RU,71.97,102.5,10.63,96,37,7.2,scattered clouds
42,Waitati,NZ,-45.75,170.57,46.0,65,0,23.0,clear sky
43,Sfantu Gheorghe,RO,45.87,25.78,45.0,83,59,3.51,broken clouds
44,Bambous Virieux,MU,-20.34,57.76,75.2,78,75,11.41,shower rain
45,Hasaki,JP,35.73,140.83,61.0,87,40,4.7,scattered clouds
46,Panaba,MX,21.28,-88.27,84.11,78,73,11.21,broken clouds
47,Cam Ranh,VN,11.92,109.16,78.8,94,75,2.24,moderate rain
48,Santiago Del Estero,AR,-27.8,-64.26,92.37,22,0,13.31,clear sky
49,Geraldton,AU,-28.77,114.6,62.6,88,90,1.12,overcast clouds
50,Ushuaia,AR,-54.8,-68.3,44.6,65,40,5.82,scattered clouds
51,Barranco,PA,9.52,-82.7,84.2,74,9,9.17,light rain
52,Buraydah,SA,26.33,43.98,71.6,24,0,2.75,clear sky
53,Yashan,CN,22.2,109.94,71.85,91,100,17.54,moderate rain
54,Batsfjord,NO,70.63,29.72,35.6,83,40,3.36,scattered clouds
55,Soyo,AO,-6.13,12.37,75.69,81,82,8.39,broken clouds
56,Thompson,CA,55.74,-97.86,35.6,80,75,21.92,broken clouds
57,Bud,US,39.45,-86.18,68.0,32,1,8.05,clear sky
58,New Norfolk,AU,-42.78,147.06,45.0,74,31,2.15,scattered clouds
59,Yar-Sale,RU,66.83,70.83,39.7,92,100,14.92,overcast clouds
60,Bismarck,US,46.81,-100.78,59.0,26,1,16.11,clear sky
61,Manaure,CO,11.78,-72.44,85.53,74,100,17.76,light rain
62,Ahipara,NZ,-35.17,173.17,59.34,72,100,7.4,overcast clouds
63,Port Elizabeth,ZA,-33.92,25.57,53.01,78,17,11.1,few clouds
64,Nanortalik,GL,60.14,-45.24,38.37,87,100,13.71,light rain
65,Cape Town,ZA,-33.93,18.42,57.2,71,14,14.99,few clouds
66,Lahij,YE,13.17,44.58,83.01,47,14,2.95,few clouds
67,Provideniya,RU,64.38,-173.3,28.4,68,40,6.71,scattered clouds
68,Rikitea,PF,-23.12,-134.97,73.02,74,0,13.91,clear sky
69,Muscat,OM,23.61,58.59,77.0,36,0,3.36,clear sky
70,Esperance,AU,-33.87,121.9,62.6,77,89,20.8,light rain
71,Carutapera,BR,-1.2,-46.02,80.37,72,87,7.18,overcast clouds
72,Tiznit,MA,29.58,-9.5,68.65,41,0,2.06,clear sky
73,Jamestown,US,42.1,-79.24,57.99,58,1,14.99,clear sky
74,Bengkulu,ID,-3.8,102.27,75.42,88,95,3.51,overcast clouds
75,Busselton,AU,-33.65,115.33,60.01,79,56,13.67,broken clouds
76,Yellowknife,CA,62.46,-114.35,28.4,54,75,24.16,broken clouds
77,Coquimbo,CL,-29.95,-71.34,55.4,82,90,8.05,overcast clouds
78,Mount Gambier,AU,-37.83,140.77,41.0,100,77,4.7,broken clouds
79,Chokurdakh,RU,70.63,147.92,16.14,95,88,3.13,overcast clouds
80,Alice,US,27.75,-98.07,93.2,38,20,4.7,few clouds
81,Mar Del Plata,AR,-38.0,-57.56,62.6,67,0,12.75,clear sky
82,Bilibino,RU,68.05,166.44,25.47,89,100,2.17,overcast clouds
83,Avarua,CK,-21.21,-159.78,75.2,53,8,4.7,clear sky
84,Tres Arroyos,AR,-38.37,-60.28,72.81,63,0,8.34,clear sky
85,Dingzhou,CN,38.51,115.0,55.4,37,100,2.24,overcast clouds
86,Vila Franca Do Campo,PT,37.72,-25.43,68.0,77,40,10.29,scattered clouds
87,Halifax,CA,44.65,-63.57,53.6,81,75,12.75,broken clouds
88,Gat,IL,31.61,34.76,75.0,64,40,2.24,scattered clouds
89,Te Anau,NZ,-45.42,167.72,40.39,83,69,0.72,broken clouds
90,Totolapan,MX,18.52,-96.18,87.8,70,40,13.87,scattered clouds
91,Vaini,TO,-21.2,-175.2,75.2,69,20,9.17,few clouds
92,Nichinan,JP,31.6,131.37,66.18,77,0,2.91,clear sky
93,Meulaboh,ID,4.14,96.13,75.56,81,100,4.79,overcast clouds
94,Ntcheu,MW,-14.82,34.64,65.23,86,99,5.77,overcast clouds
95,Cherskiy,RU,68.75,161.3,32.7,90,100,12.91,overcast clouds
96,Kosh-Agach,RU,50.0,88.67,25.43,96,100,4.88,snow
97,Port Alfred,ZA,-33.59,26.89,57.61,75,1,12.97,clear sky
98,Hamilton,US,39.18,-84.53,70.0,28,1,6.93,clear sky
99,Haines Junction,CA,60.75,-137.51,36.91,76,88,3.56,overcast clouds
100,Tuatapere,NZ,-46.13,167.68,45.0,73,65,10.0,light rain
101,Ribeira Grande,PT,38.52,-28.7,69.8,77,75,20.8,broken clouds
102,Tasiilaq,GL,65.61,-37.64,39.2,86,100,18.34,light rain
103,Guangyuan,CN,32.44,105.82,60.01,99,100,21.0,light rain
104,Najran,SA,17.49,44.13,71.6,28,0,2.24,clear sky
105,Panguna,PG,-6.32,155.48,67.91,100,100,4.92,light rain
106,Hofn,IS,64.25,-15.21,46.35,80,25,14.47,scattered clouds
107,Kampene,CD,-3.6,26.67,69.06,92,100,1.32,overcast clouds
108,Hobart,AU,-42.88,147.33,45.0,87,20,8.05,few clouds
109,Lerwick,GB,60.15,-1.15,50.0,81,94,20.8,overcast clouds
110,Faanui,PF,-16.48,-151.75,78.3,77,0,11.1,clear sky
111,Coahuayana,MX,18.73,-103.68,84.2,74,40,5.35,scattered clouds
112,Amahai,ID,-3.33,128.92,80.01,94,48,3.94,scattered clouds
113,Uivar,RO,45.66,20.91,46.4,87,90,10.29,overcast clouds
114,Dhidhdhoo,MV,6.88,73.1,81.97,78,1,23.71,light rain
115,Hithadhoo,MV,-0.6,73.08,82.47,73,100,10.4,overcast clouds
116,Liverpool,GB,53.41,-2.98,51.8,87,20,12.75,few clouds
117,Butaritari,KI,3.07,172.79,81.79,73,65,20.29,broken clouds
118,Ust-Kuyga,RU,70.02,135.6,11.39,94,83,1.97,broken clouds
119,Huangmei,CN,30.19,116.03,63.77,84,0,4.38,clear sky
120,Atambua,ID,-9.11,124.89,71.8,72,45,3.94,scattered clouds
121,Solnechnyy,RU,50.72,136.63,32.18,86,100,1.52,overcast clouds
122,Provost,CA,52.35,-110.27,46.15,51,100,3.89,overcast clouds
123,Pevek,RU,69.7,170.31,27.64,85,84,11.03,broken clouds
124,Abalak,RU,58.13,68.59,44.94,83,86,7.87,overcast clouds
125,Cagliliog,PH,13.9,123.29,76.01,83,100,8.86,heavy intensity rain
126,East London,ZA,-33.02,27.91,59.86,67,9,15.95,clear sky
127,Paamiut,GL,61.99,-49.67,37.56,90,96,10.8,light rain
128,Bara,NG,10.37,10.73,77.81,81,32,6.15,scattered clouds
129,Esmeraldas,BR,-19.76,-44.31,84.2,45,40,5.82,scattered clouds
130,Mexico,PH,15.06,120.72,75.2,78,75,2.24,broken clouds
131,Bratsk,RU,56.13,101.61,23.0,92,94,3.65,overcast clouds
132,Opuwo,NA,-18.06,13.84,71.96,27,45,2.73,scattered clouds
133,Wonthaggi,AU,-38.6,145.59,57.0,83,99,12.8,overcast clouds
134,Praia,CV,14.92,-23.51,78.8,74,40,13.87,scattered clouds
135,Selty,RU,57.31,52.13,49.98,86,100,7.36,overcast clouds
136,Ziyang,CN,29.25,117.85,64.42,84,66,4.27,broken clouds
137,Ancud,CL,-41.87,-73.82,61.0,62,75,10.29,broken clouds
138,Sao Gabriel Da Cachoeira,BR,-0.13,-67.09,90.5,55,71,0.83,broken clouds
139,Longyearbyen,SJ,78.22,15.64,35.6,74,75,13.87,broken clouds
140,Russell,US,32.35,-85.2,86.0,48,1,6.93,clear sky
141,San Andres,CO,12.58,-81.7,87.8,74,75,9.17,broken clouds
142,Buchanan,LR,5.88,-10.05,76.48,87,100,4.97,overcast clouds
143,Dingle,PH,11.0,122.67,75.2,94,100,5.77,light rain
144,Norman Wells,CA,65.28,-126.83,23.0,57,90,8.05,light snow
145,Goderich,CA,43.75,-81.72,63.0,54,29,12.37,scattered clouds
146,Mangrol,IN,21.12,70.12,82.11,54,100,8.03,overcast clouds
147,Lodja,CD,-3.48,23.43,73.2,74,26,0.6,scattered clouds
148,Gizo,SB,-8.1,156.84,79.63,76,100,12.91,overcast clouds
149,Gaoua,BF,10.3,-3.25,79.65,64,7,3.44,clear sky
150,Airai,TL,-8.93,125.41,60.19,47,7,3.33,clear sky
151,Puerto Del Rosario,ES,28.5,-13.86,73.4,83,0,16.11,clear sky
152,Bose,IT,45.46,8.01,51.01,57,39,5.01,scattered clouds
153,Saldanha,ZA,-33.01,17.94,53.6,76,0,8.05,clear sky
154,Bethel,US,41.37,-73.41,55.99,96,99,1.01,overcast clouds
155,Yeppoon,AU,-23.13,150.73,68.0,68,72,6.93,broken clouds
156,Itarema,BR,-2.92,-39.92,79.14,75,41,17.38,scattered clouds
157,Barrow,US,71.29,-156.79,26.6,53,90,16.11,overcast clouds
158,Natal,BR,-5.79,-35.21,80.6,65,40,11.41,scattered clouds
159,Berlevag,NO,70.86,29.09,35.6,80,20,11.41,few clouds
160,Porterville,US,36.07,-119.02,84.99,37,1,8.05,clear sky
161,Kutum,SD,14.2,24.67,79.48,17,1,7.4,clear sky
162,Charagua,BO,-19.8,-63.22,98.6,19,20,11.41,few clouds
163,Rahatgarh,IN,23.78,78.37,76.3,77,100,4.85,overcast clouds
164,Predivinsk,RU,57.07,93.44,35.53,94,100,3.11,overcast clouds
165,Sicuani,PE,-14.27,-71.23,60.67,36,90,10.92,light rain
166,Cidreira,BR,-30.18,-50.21,61.86,81,2,7.05,clear sky
167,Vila Velha,BR,-20.33,-40.29,78.01,78,90,9.17,overcast clouds
168,Ruston,US,32.52,-92.64,75.2,33,1,8.05,clear sky
169,Kailua,US,21.4,-157.74,86.0,65,75,10.29,broken clouds
170,Nishihara,JP,26.18,127.76,77.0,83,75,5.82,broken clouds
171,Talnakh,RU,69.49,88.4,26.6,100,75,29.08,snow
172,Smithers,CA,54.78,-127.17,39.2,93,75,3.36,broken clouds
173,Tura,IN,25.52,90.22,72.63,82,27,3.15,scattered clouds
174,Huambo,AO,-12.78,15.74,68.97,50,91,4.12,overcast clouds
175,Pankovka,RU,58.5,31.2,42.08,94,42,4.41,scattered clouds
176,Ponta Do Sol,PT,32.67,-17.1,69.8,73,20,14.99,few clouds
177,Souillac,MU,-20.52,57.52,75.2,78,75,11.41,shower rain
178,Terme,TR,41.21,36.97,60.8,93,98,3.36,overcast clouds
179,Buin,CL,-33.73,-70.75,75.99,38,68,6.93,broken clouds
180,Severo-Kurilsk,RU,50.68,156.12,50.65,89,100,28.99,moderate rain
181,Karasburg,NA,-28.02,18.75,63.21,23,0,4.12,clear sky
182,Akyab,MM,20.15,92.9,80.24,84,97,6.87,overcast clouds
183,Ornskoldsvik,SE,63.29,18.72,39.2,86,0,2.24,clear sky
184,Olds,CA,51.78,-114.1,37.0,76,100,10.51,light rain
185,Flin Flon,CA,54.77,-101.86,37.4,59,75,17.22,broken clouds
186,Grand Gaube,MU,-20.01,57.66,75.0,80,1,5.99,clear sky
187,Mahebourg,MU,-20.41,57.7,75.2,78,75,11.41,shower rain
188,Nizwa,OM,22.93,57.53,70.48,23,0,1.9,clear sky
189,Amapa,BR,1.0,-52.0,87.37,38,73,3.22,broken clouds
190,Radviliskis,LT,55.82,23.53,48.2,81,90,10.29,overcast clouds
191,Westport,US,41.14,-73.36,59.0,93,90,12.75,overcast clouds
192,San Quintin,MX,30.48,-115.95,88.27,26,0,12.68,clear sky
193,Rio Grande,BR,-32.03,-52.1,59.85,79,44,6.31,scattered clouds
194,Salalah,OM,17.02,54.09,80.6,88,1,2.24,clear sky
195,Aklavik,CA,68.22,-135.01,23.0,57,90,6.93,overcast clouds
196,Kaitangata,NZ,-46.28,169.85,48.0,57,31,15.99,light rain
197,Katsuura,JP,35.13,140.3,68.0,72,75,11.41,broken clouds
198,Alta Floresta,BR,-9.88,-56.09,83.59,57,60,2.84,light rain
199,Aplahoue,BJ,6.93,1.68,73.69,96,99,5.59,moderate rain
200,Sandnessjoen,NO,66.02,12.63,32.0,65,40,2.24,light rain
201,Yabrud,SY,33.97,36.66,66.2,52,60,11.41,broken clouds
202,Talcahuano,CL,-36.72,-73.12,64.4,63,0,21.92,clear sky
203,Moerai,PF,-22.43,-151.33,71.98,89,45,14.5,light rain
204,Marzuq,YE,14.4,46.47,72.36,52,0,3.51,clear sky
205,Palmer,US,42.16,-72.33,51.01,100,90,11.41,moderate rain
206,Beira,MZ,-19.84,34.84,69.8,94,20,5.82,few clouds
207,Pangnirtung,CA,66.15,-65.71,28.4,86,20,6.93,few clouds
208,Thaba-Tseka,LS,-29.52,28.61,49.82,44,0,1.95,clear sky
209,Palaia Fokaia,GR,37.72,23.95,69.01,60,20,9.17,few clouds
210,Tazovskiy,RU,67.47,78.7,37.98,96,100,15.28,light rain
211,Krasnokholmskiy,RU,55.99,55.05,48.81,69,98,7.14,light rain
212,Nelson Bay,AU,-32.72,152.15,68.0,88,75,8.05,broken clouds
213,Otavi,NA,-19.65,17.33,74.55,21,0,8.77,clear sky
214,Lufilufi,WS,-13.87,-171.6,86.0,74,40,19.66,scattered clouds
215,Saint-Francois,FR,46.42,3.91,48.0,92,90,1.01,light rain
216,Atar,MR,20.52,-13.05,84.43,50,99,8.77,light rain
217,Malente,DE,54.17,10.56,51.8,76,99,10.29,overcast clouds
218,La Uvita,CO,6.32,-72.56,58.98,72,77,4.54,light rain
219,Comrat,MD,46.3,28.66,60.33,66,51,17.69,broken clouds
220,Radhanpur,IN,23.83,71.6,85.15,30,53,5.12,broken clouds
221,Pringsewu,ID,-5.36,104.97,73.67,91,100,1.36,overcast clouds
222,Upernavik,GL,72.79,-56.15,24.24,91,42,6.67,scattered clouds
223,State College,US,40.79,-77.86,64.4,45,20,10.29,few clouds
224,Missoula,US,47.02,-113.8,44.6,93,90,3.83,moderate rain
225,Chirongui,YT,-12.93,45.15,78.8,83,75,5.82,broken clouds
226,Martapura,ID,-3.42,114.85,77.0,94,20,1.12,few clouds
227,Ak-Dovurak,RU,51.18,90.6,34.63,85,100,2.04,overcast clouds
228,Vagur,FO,61.47,-6.81,47.16,77,1,5.19,clear sky
229,Sola,VU,-13.88,167.55,81.63,72,71,0.6,light rain
230,Saint-Joseph,RE,-21.37,55.62,71.6,73,75,4.7,broken clouds
231,Wichita Falls,US,33.91,-98.49,84.0,21,1,12.75,clear sky
232,High Level,CA,58.52,-117.14,33.8,50,20,9.17,few clouds
233,Beringovskiy,RU,63.05,179.32,32.88,81,0,3.62,clear sky
234,Along,IN,28.17,94.77,67.8,86,12,1.97,few clouds
235,Kirakira,SB,-10.45,161.92,80.76,78,99,3.87,overcast clouds
236,Dunedin,NZ,-45.87,170.5,46.0,65,0,23.0,clear sky
237,Vila,PT,42.03,-8.16,53.01,78,99,4.0,overcast clouds
238,Korla,CN,41.76,86.15,46.74,48,0,4.61,clear sky
239,Oistins,BB,13.07,-59.53,80.6,83,75,11.41,broken clouds
240,Pidhorodne,UA,48.58,35.11,62.6,63,20,8.95,few clouds
241,San Jeronimo,PE,-11.95,-75.28,60.3,44,65,8.08,light rain
242,Aripuana,BR,-9.17,-60.63,82.89,64,88,2.39,light rain
243,San Patricio,US,28.02,-97.52,93.99,49,20,3.36,few clouds
244,Rock Springs,US,41.59,-109.2,66.2,22,1,33.33,clear sky
245,Greenville,US,35.61,-77.37,78.8,61,1,3.36,clear sky
246,Yagodnoye,RU,62.55,149.67,32.23,95,100,5.03,overcast clouds
247,Lishui,CN,28.46,119.91,65.34,85,70,2.42,broken clouds
248,Medicine Hat,CA,50.05,-110.67,46.99,65,90,2.24,overcast clouds
249,Coihaique,CL,-45.58,-72.07,50.0,72,75,13.87,broken clouds
250,Hailey,US,43.52,-114.32,60.8,48,75,11.41,broken clouds
251,Ketchikan,US,55.34,-131.65,50.0,71,1,13.87,clear sky
252,Sovetskiy,RU,61.36,63.58,43.27,86,100,7.31,overcast clouds
253,Lauria,IT,40.05,15.84,51.46,78,42,3.8,scattered clouds
254,Shingu,JP,33.73,135.98,60.85,65,0,6.15,clear sky
255,Bom Conselho,BR,-9.17,-36.68,69.53,75,50,14.29,scattered clouds
256,Muramatsu,JP,37.68,139.18,57.99,94,14,1.03,few clouds
257,Half Moon Bay,US,37.46,-122.43,84.0,60,1,17.22,clear sky
258,Arraial Do Cabo,BR,-22.97,-42.03,77.0,73,0,18.34,clear sky
259,Jackson,US,42.42,-122.83,73.0,46,1,3.4,clear sky
260,Talpa,MX,28.83,-111.63,98.01,34,64,8.01,broken clouds
261,Bubaque,GW,11.28,-15.83,80.62,82,99,16.69,moderate rain
262,Verkhnyaya Inta,RU,65.98,60.31,43.18,93,100,15.9,moderate rain
263,Hualmay,PE,-11.1,-77.61,67.37,70,16,9.4,few clouds
264,Port Hedland,AU,-20.32,118.57,69.8,88,0,1.12,clear sky
265,Mount Isa,AU,-20.73,139.5,71.6,56,0,6.93,clear sky
266,Kibala,TD,9.11,18.35,73.53,91,20,3.36,light rain
267,Manta,EC,-0.95,-80.73,82.4,65,20,13.87,few clouds
268,Clyde River,CA,70.47,-68.59,26.6,100,75,12.75,broken clouds
269,Eureka,US,40.8,-124.16,72.0,70,10,4.0,clear sky
270,Bintulu,MY,3.17,113.03,75.2,94,20,3.76,few clouds
271,Hami,CN,42.8,93.45,40.01,66,0,0.76,clear sky
272,Porto Novo,BJ,6.5,2.6,80.6,83,40,12.75,scattered clouds
273,Bulungu,CD,-4.55,18.6,71.55,91,61,1.41,light rain
274,Jacareacanga,BR,-6.22,-57.75,73.08,89,100,2.26,light rain
275,Zelenoborsk,RU,61.47,64.03,42.69,87,100,7.74,overcast clouds
276,Nadvoitsy,RU,63.87,34.32,42.17,88,87,5.14,overcast clouds
277,Hare Bay,CA,48.85,-54.01,50.0,57,20,5.82,few clouds
278,Bogande,BF,12.97,-0.14,90.09,27,67,3.15,broken clouds
279,Grenville,GD,12.12,-61.62,86.0,79,20,5.82,few clouds
280,Vanavara,RU,60.34,102.28,20.7,94,83,4.07,broken clouds
281,Alofi,NU,-19.06,-169.92,77.0,57,75,17.22,broken clouds
282,Port Hardy,CA,50.7,-127.42,51.8,81,75,14.99,light intensity shower rain
283,Ayan,RU,56.45,138.17,28.49,85,39,19.71,scattered clouds
284,Afonso Claudio,BR,-20.07,-41.12,71.76,83,84,4.18,broken clouds
285,Kupang,ID,-10.17,123.58,76.03,76,0,4.09,clear sky
286,Ashqelon,IL,31.67,34.57,75.0,64,40,2.24,scattered clouds
287,Eyl,SO,7.98,49.82,80.19,80,80,10.13,broken clouds
288,Rovaniemi,FI,66.5,25.72,30.2,100,33,6.93,scattered clouds
289,Srednekolymsk,RU,67.45,153.68,35.42,85,96,9.75,overcast clouds
290,Sioux Lookout,CA,50.1,-91.92,48.2,42,75,17.22,broken clouds
291,Los Llanos De Aridane,ES,28.66,-17.92,75.2,83,0,12.75,clear sky
292,Chabua,IN,27.48,95.17,74.03,94,0,2.59,clear sky
293,Birjand,IR,32.87,59.22,44.6,26,0,6.93,clear sky
294,Kavaratti,IN,10.57,72.64,81.16,80,46,19.33,scattered clouds
295,Bonfim,BR,3.08,-59.95,91.17,49,72,4.85,broken clouds
296,Omuta,JP,33.03,130.45,62.01,57,0,10.4,clear sky
297,Cabedelo,BR,-6.98,-34.83,78.8,74,20,13.87,few clouds
298,Bealanana,MG,-14.55,48.73,63.64,87,67,2.53,broken clouds
299,Irbeyskoye,RU,55.64,95.45,36.61,95,100,4.59,overcast clouds
300,Klaksvik,FO,62.23,-6.59,44.6,93,53,1.12,light rain
301,Faya,SA,18.39,42.45,62.6,82,0,1.83,clear sky
302,Grindavik,IS,63.84,-22.43,46.4,100,90,28.86,overcast clouds
303,Sabang,ID,5.89,95.32,82.78,73,94,11.9,overcast clouds
304,Lasa,IT,46.62,10.7,42.01,69,5,6.93,clear sky
305,Luba,GQ,3.46,8.55,78.35,83,62,7.96,light rain
306,Raga,SS,8.46,25.68,71.92,88,100,2.13,light rain
307,Fort Nelson,CA,58.81,-122.7,30.2,80,90,3.36,light snow
308,Stephenville,US,32.22,-98.2,82.4,23,1,3.36,clear sky
309,Umm Lajj,SA,25.02,37.27,86.09,33,0,7.56,clear sky
310,Ilulissat,GL,69.22,-51.1,44.6,48,70,3.36,broken clouds
311,Karratha,AU,-20.74,116.85,80.22,28,0,11.45,light rain
312,San Ramon,US,37.78,-121.98,90.0,19,1,4.25,clear sky
313,Walvis Bay,NA,-22.96,14.51,57.0,93,0,2.24,clear sky
314,Oriximina,BR,-1.77,-55.87,84.09,61,95,8.7,light rain
315,Ginir,ET,7.13,40.7,58.62,84,16,4.7,few clouds
316,Nata,PA,8.33,-80.52,82.4,83,40,4.7,moderate rain
317,Tabou,CI,4.42,-7.35,76.95,88,24,7.72,light rain
318,Krasnoselkup,RU,65.7,82.47,36.14,98,100,20.13,light rain
319,Abu Samrah,SY,35.3,37.18,64.13,88,16,7.29,few clouds
320,Quatre Cocos,MU,-20.21,57.76,75.2,78,75,11.41,shower rain
321,Kurumkan,RU,54.3,110.3,23.7,84,67,1.88,broken clouds
322,Coffs Harbour,AU,-30.3,153.13,57.2,93,0,2.24,clear sky
323,Bathsheba,BB,13.22,-59.52,80.6,83,75,11.41,broken clouds
324,Bougouni,ML,11.42,-7.48,78.85,65,4,2.35,clear sky
325,San Matias,BO,-16.37,-58.4,91.71,36,68,5.57,light rain
326,Lethem,GY,3.38,-59.8,91.08,49,48,3.49,scattered clouds
327,Sisimiut,GL,66.94,-53.67,35.67,84,100,7.0,overcast clouds
328,Denpasar,ID,-8.65,115.22,80.6,88,40,9.17,scattered clouds
329,Ilhabela,BR,-23.78,-45.36,73.49,80,8,4.99,clear sky
330,Deputatskiy,RU,69.3,139.9,11.68,96,90,1.88,overcast clouds
331,Victoria,HK,22.29,114.16,78.01,81,100,8.99,light rain
332,Lavra,PT,41.26,-8.72,55.99,82,20,8.05,few clouds
333,Gimli,CA,50.63,-96.99,54.0,65,23,17.0,few clouds
334,Mastic Beach,US,40.77,-72.85,60.8,87,90,10.29,mist
335,Bonavista,CA,48.65,-53.11,45.0,77,0,4.0,clear sky
336,Matay,EG,28.42,30.78,72.5,54,5,9.28,clear sky
337,Georgetown,MY,5.41,100.34,75.2,94,20,3.36,few clouds
338,Tabory,RU,58.52,64.55,42.98,84,33,8.5,scattered clouds
339,Pacific Grove,US,36.62,-121.92,88.0,53,1,3.36,clear sky
340,Kodiak,US,57.79,-152.41,46.4,87,90,5.82,moderate rain
341,Miranda,CO,3.25,-76.23,84.2,51,75,2.24,broken clouds
342,Nosivka,UA,50.93,31.58,60.69,73,0,12.46,clear sky
343,Pronsk,RU,54.1,39.61,57.99,69,63,7.63,broken clouds
344,Rawson,AR,-43.3,-65.1,75.99,26,65,27.49,broken clouds
345,Puerto Carreno,CO,6.19,-67.49,86.34,62,83,4.81,broken clouds
346,Summerside,CA,46.4,-63.79,55.0,73,4,11.65,clear sky
347,Ginda,IN,30.69,78.49,57.33,51,0,5.88,clear sky
348,Chifeng,CN,42.27,118.96,31.73,65,45,6.4,scattered clouds
349,Olafsvik,IS,64.89,-23.71,46.99,88,100,27.76,heavy intensity rain
350,Jining,CN,35.41,116.58,55.33,88,100,5.39,light rain
351,Richards Bay,ZA,-28.78,32.04,68.59,65,58,13.94,broken clouds
352,Rivadavia,AR,-33.19,-68.46,87.8,14,0,2.24,clear sky
353,Yatou,CN,37.15,122.38,56.16,65,100,14.74,overcast clouds
354,Codrington,AU,-38.27,141.97,46.51,95,92,9.17,overcast clouds
355,Faruka,PK,31.89,72.41,74.91,31,0,5.84,clear sky
356,Kendari,ID,-3.94,122.5,74.03,91,37,2.64,scattered clouds
357,Rudnogorsk,RU,57.26,103.75,23.76,92,76,1.79,broken clouds
358,Presidente Prudente,BR,-22.13,-51.39,90.09,30,52,5.82,broken clouds
359,Cabo San Lucas,MX,22.89,-109.91,87.8,58,40,11.41,scattered clouds
360,Nizhnyaya Maktama,RU,54.86,52.43,48.56,51,95,7.14,overcast clouds
361,Marawi,PH,8.0,124.29,73.99,93,86,5.99,overcast clouds
362,Seymchan,RU,62.88,152.43,35.76,83,100,7.11,overcast clouds
363,Wynyard,AU,-41.0,145.72,50.0,66,51,8.99,broken clouds
364,Nome,US,64.5,-165.41,25.0,73,1,2.68,clear sky
365,Loralai,PK,30.37,68.6,58.24,32,0,2.77,clear sky
366,Laurens,US,32.45,-82.92,88.0,40,75,6.93,broken clouds
367,General Roca,AR,-39.03,-67.58,87.8,19,0,9.17,clear sky
368,Paragominas,BR,-2.97,-47.48,82.13,59,83,5.82,light rain
369,Houma,US,29.6,-90.72,87.8,55,75,5.82,broken clouds
370,Troitskoye,RU,52.98,84.68,37.38,96,20,3.49,few clouds
371,Nemuro,JP,43.32,145.57,54.5,75,77,4.52,broken clouds
372,Horqueta,PY,-23.34,-57.06,88.66,45,100,7.56,overcast clouds
373,Fomboni,KM,-12.28,43.74,79.34,82,39,7.78,light rain
374,Cayenne,GF,4.93,-52.33,86.0,66,76,11.41,broken clouds
375,Xining,CN,36.62,101.77,33.33,91,99,3.0,overcast clouds
376,Iracoubo,GF,5.48,-53.2,82.56,76,1,13.91,clear sky
377,Tobermory,CA,45.25,-81.67,57.99,72,87,4.0,overcast clouds
378,Vitina,BA,43.24,17.48,48.2,93,40,2.24,scattered clouds
379,Lavrentiya,RU,65.58,-171.0,30.52,91,10,3.74,clear sky
380,Abu Kamal,SY,34.45,40.92,72.41,21,29,4.65,scattered clouds
381,Hovd,MN,48.01,91.64,34.52,74,98,5.57,overcast clouds
382,Tessalit,ML,20.2,1.01,89.67,12,0,12.88,clear sky
383,Vardo,NO,70.37,31.11,33.8,79,40,10.29,shower rain
384,Vieux-Habitants,GP,16.06,-61.77,78.8,83,17,3.36,few clouds
385,Margate,GB,51.38,1.39,52.0,78,100,7.0,light rain
386,Burnie,AU,-41.07,145.92,50.0,66,39,8.99,scattered clouds
387,Kautokeino,NO,69.01,23.04,31.98,93,2,4.83,clear sky
388,Araouane,ML,18.9,-3.53,95.81,17,0,9.15,clear sky
389,Galesong,ID,-5.32,119.37,75.2,88,90,4.7,overcast clouds
390,El Alto,PE,-4.27,-81.21,67.66,77,85,14.63,overcast clouds
391,Broome,US,42.25,-75.83,60.01,82,90,9.17,overcast clouds
392,Nuuk,GL,64.18,-51.72,35.6,100,90,6.46,overcast clouds
393,Rio Gallegos,AR,-51.62,-69.22,51.8,32,40,46.08,scattered clouds
394,Constitucion,CL,-35.33,-72.42,63.7,63,9,16.69,clear sky
395,Bandar-E Lengeh,IR,26.56,54.88,79.36,41,0,8.05,clear sky
396,Vanimo,PG,-2.67,141.3,78.55,85,62,4.18,light rain
397,Namwala,ZM,-15.75,26.44,72.91,62,51,7.02,broken clouds
398,Narsaq,GL,60.92,-46.05,41.0,79,98,2.24,overcast clouds
399,Port Hawkesbury,CA,45.62,-61.35,48.99,81,40,9.17,scattered clouds
400,Kralendijk,BQ,12.15,-68.27,87.8,58,3,10.29,clear sky
401,Mango,US,27.98,-82.31,88.0,55,40,5.82,scattered clouds
402,Grand-Lahou,CI,5.14,-5.02,77.14,89,95,9.22,overcast clouds
403,Pisco,PE,-13.7,-76.22,69.8,68,7,17.22,clear sky
404,Lampari,PH,6.31,124.88,73.0,84,100,0.63,overcast clouds
405,Methoni,GR,36.82,21.7,66.99,93,20,12.1,few clouds
406,Lagoa,PT,39.05,-27.98,69.01,76,87,16.58,overcast clouds
407,Irtyshskiy,RU,58.33,68.13,45.3,83,59,9.31,broken clouds
408,Bangui,CF,4.36,18.55,75.2,88,20,2.1,thunderstorm
409,Filadelfia,US,39.95,-75.16,64.4,77,90,13.87,overcast clouds
410,Vestmannaeyjar,IS,63.44,-20.27,48.81,86,100,24.09,overcast clouds
411,Swan Hill,AU,-35.34,143.55,54.57,75,0,5.44,clear sky
412,Olga,RU,43.74,135.29,36.9,80,67,8.14,broken clouds
413,Saint-Pierre,RE,-21.34,55.48,71.6,73,75,4.7,broken clouds
414,Satinka,RU,52.38,41.68,53.29,72,100,7.47,overcast clouds
415,Guanica,PR,17.97,-66.91,82.99,74,89,1.01,light rain
416,Phan Thiet,VN,10.93,108.1,76.84,91,100,8.34,light rain
417,Harrison,US,30.41,-89.04,87.8,45,1,5.82,clear sky
418,Nyurba,RU,63.28,118.33,17.91,97,90,2.55,overcast clouds
419,Kargat,RU,55.2,80.28,38.93,93,95,7.25,overcast clouds
420,Zyryanka,RU,65.75,150.85,37.49,77,81,13.69,broken clouds
421,Tateyama,JP,34.98,139.87,69.01,76,16,3.0,few clouds
422,Glodeni,MD,47.77,27.51,59.0,82,66,10.0,broken clouds
423,Kachug,RU,53.96,105.88,23.22,81,31,0.85,scattered clouds
424,Bowen,AU,-20.02,148.23,68.0,82,40,8.05,scattered clouds
425,Svetlogorsk,BY,52.63,29.73,55.53,84,2,9.82,clear sky
426,Verkhoyansk,RU,67.54,133.38,14.97,94,98,2.3,overcast clouds
427,Boali,CF,4.8,18.13,75.2,88,20,1.19,thunderstorm
428,Jumla,NP,29.27,82.18,50.34,54,0,4.32,clear sky
429,Manitouwadge,CA,49.12,-85.84,46.4,100,90,5.82,mist
430,Barao De Melgaco,BR,-16.19,-55.97,82.4,58,75,23.04,broken clouds
431,Guaymas,MX,27.93,-110.9,98.01,41,75,11.41,broken clouds
432,Athabasca,CA,54.72,-113.29,40.96,64,83,6.26,broken clouds
433,Port Antonio,JM,18.18,-76.46,84.2,74,40,11.41,scattered clouds
434,Tonj,SS,7.27,28.68,71.53,89,98,3.04,overcast clouds
435,Touros,BR,-5.2,-35.46,80.6,65,40,11.41,scattered clouds
436,Namatanai,PG,-3.67,152.43,77.76,87,100,5.84,light rain
437,Leon,MX,21.12,-101.67,82.4,37,75,8.05,broken clouds
438,Sakaiminato,JP,35.55,133.23,55.4,100,20,4.7,few clouds
439,Sao Filipe,CV,14.9,-24.5,80.89,69,16,6.04,few clouds
440,Marsh Harbour,BS,26.54,-77.06,82.81,66,100,12.57,overcast clouds
441,Sitka,US,57.05,-135.33,46.4,75,20,6.93,few clouds
442,Upata,VE,8.01,-62.4,83.07,70,38,0.87,light rain
443,Emerald,AU,-23.53,148.17,66.99,82,70,1.12,broken clouds
444,Jalu,LY,29.03,21.55,71.91,60,0,17.29,clear sky
445,Nampula,MZ,-15.12,39.27,71.6,83,5,10.29,clear sky
446,Vestmanna,FO,62.16,-7.17,44.6,93,34,1.12,light rain
447,Chuy,UY,-33.7,-53.46,59.65,83,20,6.22,few clouds
448,Mattru,SL,7.62,-11.83,72.07,98,100,2.06,overcast clouds
449,Udachnyy,RU,66.42,112.4,14.0,92,24,2.24,few clouds
450,Port Macquarie,AU,-31.43,152.92,57.99,80,0,1.99,clear sky
451,Paraipaba,BR,-3.44,-39.15,80.01,73,71,18.99,broken clouds
452,Tezu,IN,27.92,96.17,74.39,63,0,3.56,clear sky
453,Vostok,RU,46.49,135.88,28.13,100,100,6.82,overcast clouds
454,Kargasok,RU,59.06,80.86,39.07,90,98,10.22,overcast clouds
455,Abnub,EG,27.27,31.15,80.6,47,66,9.17,broken clouds
456,Yumen,CN,40.28,97.2,35.91,71,0,7.07,clear sky
457,Yerbogachen,RU,61.28,108.01,23.97,91,100,8.9,overcast clouds
458,Shitanjing,CN,39.23,106.34,43.68,53,42,7.34,scattered clouds
459,Laksham,BD,23.25,91.14,77.79,91,96,0.89,overcast clouds
460,Primorsk,UA,46.73,36.34,66.24,70,96,8.99,overcast clouds
461,Beloha,MG,-25.17,45.05,67.12,82,77,8.59,broken clouds
462,Sept-Iles,CA,50.2,-66.38,43.0,70,40,14.99,scattered clouds
463,Kostrzyn,PL,52.4,17.23,50.0,89,100,13.0,light rain
464,Indianola,US,41.36,-93.56,68.0,31,12,12.08,few clouds
465,Kavieng,PG,-2.57,150.8,81.54,77,100,6.58,moderate rain
466,Lujan,AR,-34.57,-59.1,80.01,18,0,3.0,clear sky
467,Laredo,US,27.51,-99.51,93.2,41,1,4.7,clear sky
468,Polyarnyy,RU,69.2,33.45,33.8,100,75,4.47,broken clouds
469,Tual,ID,-5.67,132.75,81.19,83,96,14.34,overcast clouds
470,Kahului,US,20.89,-156.47,87.8,48,20,13.87,few clouds
471,Santa Rosa,PH,14.31,121.11,78.8,88,90,2.24,moderate rain
472,Ravar,IR,31.27,56.81,44.83,53,0,2.46,clear sky
473,Mareeba,AU,-17.0,145.43,73.4,83,90,9.17,overcast clouds
474,Iqaluit,CA,63.75,-68.51,24.8,85,75,2.24,broken clouds
475,Svetogorsk,RU,61.11,28.86,43.0,87,75,4.7,broken clouds
476,Moa,CU,20.66,-74.94,83.88,75,100,7.49,light rain
477,Ahuimanu,US,21.44,-157.84,86.0,65,75,10.29,broken clouds
478,Saint-Augustin,CA,51.23,-58.65,44.96,66,0,12.86,clear sky
479,Lompoc,US,34.64,-120.46,87.01,30,1,13.87,clear sky
480,Rumoi,JP,43.93,141.64,49.53,58,44,9.01,scattered clouds
481,Praya,CV,14.92,-23.51,78.8,74,40,13.87,scattered clouds
482,Amparafaravola,MG,-17.58,48.22,64.96,88,52,3.91,broken clouds
483,Shakawe,BW,-18.37,21.85,74.68,32,3,4.41,clear sky
484,Lulea,SE,65.58,22.15,39.2,80,90,3.36,overcast clouds
485,Kyra,RU,49.58,111.98,19.98,81,0,2.77,clear sky
486,Jieshi,CN,22.81,115.83,75.99,80,100,1.01,overcast clouds
487,Gamba,GA,-2.65,10.0,75.34,85,96,7.92,overcast clouds
488,Green River,US,41.53,-109.47,66.2,22,1,33.33,clear sky
489,Puri,IN,19.8,85.85,77.0,100,90,4.7,haze
490,Great Yarmouth,GB,52.61,1.73,53.01,98,100,4.0,overcast clouds
491,Craig,US,40.52,-107.55,73.4,11,1,18.34,clear sky
492,Antipovka,RU,49.83,45.31,54.16,42,66,9.48,broken clouds
493,Son La,VN,21.32,103.9,65.86,94,100,0.34,overcast clouds
494,Baculin,PH,7.45,126.58,78.85,75,100,6.87,light rain
495,Inhambane,MZ,-23.86,35.38,68.99,82,2,5.66,clear sky
496,Zhigansk,RU,66.77,123.37,10.56,95,97,10.47,overcast clouds
497,Tiarei,PF,-17.53,-149.33,84.2,66,20,20.8,few clouds
498,Misratah,LY,32.38,15.09,70.86,50,0,12.73,clear sky
499,Petropavlovsk-Kamchatskiy,RU,53.05,158.65,48.2,93,90,24.61,light intensity shower rain
500,Alice Springs,AU,-23.7,133.88,53.6,54,0,4.7,clear sky
501,Herat,AF,34.5,62.0,38.98,67,0,6.22,clear sky
502,Mayahi,NE,13.96,7.67,93.15,16,0,6.4,clear sky
503,Arlit,NE,18.74,7.39,91.81,10,0,3.76,clear sky
504,Kishi,NG,9.08,3.85,73.85,93,94,5.12,overcast clouds
505,Manaus,BR,-3.1,-60.02,86.0,66,40,3.36,scattered clouds
506,Ixtapa,MX,20.7,-105.2,89.6,62,75,9.17,broken clouds
507,Tashtagol,RU,52.77,87.89,37.17,93,100,3.56,overcast clouds
508,Katobu,ID,-4.94,122.53,75.04,88,100,1.5,overcast clouds
509,Bandarbeyla,SO,9.49,50.81,79.03,83,35,9.42,scattered clouds
510,Vokhma,RU,58.93,46.76,50.47,95,100,7.43,overcast clouds
511,Simao,CN,22.79,100.97,60.4,82,22,1.83,few clouds
512,Ibirama,BR,-27.06,-49.52,75.0,74,69,4.0,broken clouds
513,Neuquen,AR,-38.95,-68.06,87.8,19,0,9.17,clear sky
514,Ha Tinh,VN,18.33,105.9,73.18,93,100,10.07,light rain
515,Saint-Paul,RE,-21.01,55.27,71.6,83,90,13.87,light rain
516,Dwarka,IN,22.24,68.97,84.92,58,0,11.54,clear sky
517,Chapada Dos Guimaraes,BR,-15.46,-55.75,82.4,58,75,23.04,light intensity shower rain
518,Mugango,TZ,-1.68,33.7,71.6,83,75,5.17,broken clouds
519,Amga,RU,60.9,131.96,10.24,95,82,4.47,broken clouds
520,Moose Factory,CA,51.26,-80.61,55.4,47,1,10.29,clear sky
521,Fredericksburg,US,38.3,-77.46,73.4,56,40,9.17,scattered clouds
522,Macau,MO,22.2,113.55,78.8,83,40,24.16,scattered clouds
523,Post Falls,US,47.72,-116.95,55.99,93,90,9.17,overcast clouds
524,Shahrud,IR,36.42,54.98,52.03,40,0,0.6,clear sky
525,Turayf,SA,31.67,38.66,73.4,38,4,8.05,clear sky
526,Turbat,PK,26.0,63.04,71.53,19,0,19.91,clear sky
527,Qarchi Gak,AF,37.04,66.79,57.2,61,0,4.7,clear sky
528,Yakeshi,CN,49.28,120.73,22.33,85,0,8.23,clear sky
529,Johvi,EE,59.36,27.42,46.31,83,49,4.41,scattered clouds
530,Puerto Suarez,BO,-18.95,-57.8,102.2,42,39,9.17,smoke
531,Chara,RU,56.91,118.26,16.45,83,100,4.43,overcast clouds
532,Lagos,NG,6.58,3.75,77.05,89,99,5.37,overcast clouds
533,Bilma,NE,18.69,12.92,88.79,15,0,5.5,clear sky
534,Manzhouli,CN,49.6,117.43,22.5,83,27,7.56,scattered clouds
535,Banihal,IN,33.42,75.2,54.28,44,0,2.04,clear sky
536,Kualakapuas,ID,-3.01,114.39,77.0,94,20,1.12,few clouds
537,Marsa Matruh,EG,31.35,27.25,73.4,60,0,6.93,clear sky
538,Bhind,IN,26.56,78.79,79.12,53,61,6.87,broken clouds
539,Karpathos,GR,35.51,27.21,71.6,73,15,4.7,few clouds
540,Pizarro,CO,4.95,-77.37,76.26,88,100,2.37,overcast clouds
541,Port Blair,IN,11.67,92.75,79.38,86,100,14.79,moderate rain
542,Namibe,AO,-15.2,12.15,63.82,83,13,3.49,few clouds
543,Sturlic,BA,45.06,15.78,40.24,88,7,4.9,clear sky
544,Niort,FR,46.33,-0.33,48.99,83,100,2.98,light rain
545,Biak,ID,-0.91,122.88,77.58,76,97,4.25,overcast clouds
546,Bondowoso,ID,-7.91,113.82,73.62,72,97,3.0,overcast clouds
547,Pedra,BR,-8.5,-36.94,76.26,52,47,12.3,scattered clouds
548,Samarai,PG,-10.62,150.67,80.15,85,100,16.93,light rain
549,Kitimat,CA,54.05,-128.65,54.0,71,100,4.05,overcast clouds
550,Daulatpur,PK,26.5,67.97,71.6,56,0,7.9,haze
551,Zeya,RU,53.75,127.27,23.23,87,16,6.31,few clouds
552,La Ronge,CA,55.1,-105.28,35.6,55,75,23.04,broken clouds
553,Kayerkan,RU,69.35,87.76,26.6,100,75,29.08,snow
554,Brownsville,US,25.9,-97.5,88.0,62,75,13.87,broken clouds
555,Kristinehamn,SE,59.31,14.11,41.0,100,0,4.7,clear sky
556,Pitimbu,BR,-7.47,-34.81,78.8,74,20,13.87,few clouds
557,Beihai,CN,21.48,109.1,75.06,91,100,26.96,moderate rain
558,Yinchuan,CN,38.47,106.27,50.38,43,63,0.78,broken clouds
559,Anchorage,US,61.22,-149.9,44.01,74,75,3.36,moderate rain
560,Lagunas,PE,-5.23,-75.68,95.77,38,86,2.37,moderate rain
561,Tete,MZ,-16.16,33.59,77.0,69,20,6.64,few clouds
562,Anadyr,RU,64.75,177.48,28.4,86,75,2.24,broken clouds
563,La Palma,US,33.85,-118.05,96.8,19,1,8.19,clear sky
564,Lorengau,PG,-2.02,147.27,81.43,81,100,5.61,moderate rain
565,Husavik,IS,66.04,-17.34,44.6,65,79,13.87,broken clouds
566,Truro,GB,50.27,-5.05,53.6,81,24,16.11,few clouds
567,Nantucket,US,41.28,-70.1,64.4,93,90,19.46,mist
568,Piopio,NZ,-38.47,175.02,56.53,62,7,5.91,clear sky
569,Jarabacoa,DO,19.12,-70.64,89.6,52,40,14.99,scattered clouds
570,Safaga,EG,26.73,33.94,84.2,39,0,12.75,clear sky
571,Rundu,NA,-17.93,19.77,74.97,27,7,6.64,clear sky
572,Nizhniy Odes,RU,63.64,54.86,43.43,85,88,9.24,overcast clouds
573,Lata,PT,40.16,-8.33,57.99,84,35,1.99,scattered clouds
574,Tingi,TZ,-11.3,35.03,66.31,89,93,5.73,light rain
575,Bria,CF,6.54,21.99,68.34,93,31,0.69,scattered clouds
576,Palu,ID,-0.89,119.87,75.58,79,100,3.33,overcast clouds
577,Aksarka,RU,66.56,67.8,41.63,86,100,15.55,overcast clouds
578,Chumikan,RU,54.72,135.31,30.65,93,30,15.99,scattered clouds
579,Vihti,FI,60.42,24.32,39.99,99,0,4.0,clear sky
580,Chiang Rai,TH,19.92,99.92,70.0,100,20,1.12,few clouds
581,Pundaguitan,PH,6.37,126.17,82.18,80,100,15.03,light rain
582,Yulara,AU,-25.24,130.99,62.6,27,0,6.93,clear sky
583,Luderitz,NA,-26.65,15.16,69.75,41,0,20.09,clear sky
584,Aksha,RU,50.28,113.29,21.33,82,0,2.35,clear sky
585,Guarapari,BR,-20.67,-40.5,78.01,83,93,16.15,overcast clouds
586,Urumqi,CN,43.8,87.6,44.6,61,0,6.71,clear sky
587,Redlands,US,34.06,-117.18,99.0,21,0,1.01,clear sky
588,Poum,NC,-20.23,164.02,75.49,82,0,6.46,clear sky
589,San Luis,AR,-33.3,-66.34,84.58,16,0,9.62,clear sky
590,Aswan,EG,24.09,32.91,86.7,24,0,12.35,clear sky
591,Bulgan,MN,48.81,103.53,28.85,84,100,1.99,overcast clouds
592,Darhan,MN,49.49,105.92,28.33,84,74,1.12,broken clouds
593,Hay River,CA,60.82,-115.8,28.4,63,75,16.11,broken clouds
594,Batagay,RU,67.63,134.63,13.84,96,97,2.33,overcast clouds
595,Ishigaki,JP,24.34,124.16,79.14,74,98,18.14,overcast clouds
596,Tomatlan,MX,19.93,-105.25,89.31,59,83,7.61,broken clouds
597,Lazaro Cardenas,MX,17.96,-102.2,86.43,70,0,8.63,clear sky
598,Requena,ES,39.49,-1.1,55.99,59,0,3.33,clear sky
599,Muros,ES,42.78,-9.06,52.0,87,75,5.82,broken clouds
600,Caravelas,BR,-17.71,-39.25,74.62,91,53,9.28,light rain
601,Almaznyy,RU,48.04,40.05,60.8,72,97,13.42,overcast clouds
602,Sobolevo,RU,54.43,31.9,52.57,91,41,7.05,scattered clouds
603,Debre Birhan,ET,9.68,39.53,50.2,75,49,5.19,scattered clouds
604,Teguldet,RU,57.31,88.17,33.15,95,100,3.65,overcast clouds
605,Hauterive,FR,46.09,3.45,48.2,70,75,6.93,broken clouds
606,Cap-Aux-Meules,CA,47.38,-61.86,48.2,66,20,6.93,few clouds
607,Nuoro,IT,40.32,9.33,62.6,51,20,10.29,few clouds
608,Batemans Bay,AU,-35.72,150.18,55.99,95,99,2.24,overcast clouds
609,Lososina,RU,49.0,140.31,38.05,72,22,5.1,light rain
610,Zinder,NE,13.81,8.99,94.05,16,46,5.19,scattered clouds
611,San Rafael,AR,-34.62,-68.33,87.64,13,0,11.9,clear sky
612,Urengoy,RU,65.97,78.37,40.03,94,100,17.81,light rain
613,Pong,TH,19.15,100.28,68.76,88,100,1.34,overcast clouds
614,Tucuma,BR,-0.18,-50.05,83.5,67,34,9.95,scattered clouds
615,Finschhafen,PG,-6.6,147.87,81.23,70,100,7.56,overcast clouds
616,Kedrovyy,RU,56.17,91.82,37.4,100,75,4.47,broken clouds
617,Cap Malheureux,MU,-19.98,57.61,75.0,80,1,5.99,clear sky
618,Drayton Valley,CA,53.22,-114.99,43.0,54,100,11.77,overcast clouds
619,Ulaangom,MN,49.98,92.07,34.09,89,100,3.42,overcast clouds
620,Andenes,NO,69.31,16.12,35.6,93,75,8.05,shower rain
621,Brae,GB,60.4,-1.35,50.0,81,84,20.8,broken clouds
622,Ca Mau,VN,9.18,105.15,76.32,92,100,8.88,moderate rain
623,Smiltene,LV,57.42,25.9,41.0,95,88,3.49,overcast clouds
624,Champaign,US,40.13,-88.2,73.99,20,1,16.11,clear sky
625,Jasdan,IN,22.03,71.2,82.15,33,98,5.03,overcast clouds
626,Lincoln,US,40.8,-96.67,72.0,28,1,5.82,clear sky
627,Luau,AO,-10.71,22.22,68.18,85,76,2.26,broken clouds
628,Ukiah,US,39.15,-123.21,89.01,30,1,3.36,clear sky
629,Miyako,JP,39.64,141.95,51.33,69,0,5.73,clear sky
630,Liberal,US,37.04,-100.92,78.8,15,1,12.75,clear sky
631,Tierranueva,MX,21.68,-100.57,71.55,58,62,13.8,broken clouds
632,Vao,NC,-22.67,167.48,73.13,91,0,8.03,clear sky
633,Leningradskiy,RU,69.38,178.42,19.45,86,32,4.65,scattered clouds
634,Damietta,EG,31.42,31.81,77.0,69,0,8.05,clear sky
635,Mbekenyera,TZ,-10.0,38.98,71.6,88,0,1.83,clear sky
636,Ratnagiri,IN,16.98,73.3,78.13,86,100,2.93,light rain
637,Shipunovo,RU,52.16,82.22,43.07,81,68,2.17,broken clouds
638,Kapoeta,SS,4.77,33.59,70.57,86,96,2.17,overcast clouds
639,Kwakoa,TZ,-3.77,37.72,73.53,75,88,6.55,overcast clouds
640,Polewali,ID,-3.43,119.34,77.04,78,56,2.62,broken clouds
641,Gwadar,PK,25.12,62.33,76.53,23,0,12.26,clear sky
642,Kyren,RU,51.68,102.14,29.7,80,98,0.81,overcast clouds
643,Soe,ID,-9.86,124.28,65.75,69,2,4.29,clear sky
644,Clyde,US,41.3,-82.98,69.01,33,1,10.04,clear sky
645,Papara,BR,-3.98,-38.73,80.6,74,20,10.29,few clouds
646,Maun,BW,-19.98,23.42,78.8,36,0,10.29,clear sky
647,Awbari,LY,26.59,12.78,75.94,34,0,8.16,clear sky
648,Sur,OM,22.57,59.53,77.13,37,0,9.28,clear sky
649,Heihe,CN,50.24,127.49,24.8,62,20,11.18,few clouds
650,Ostrovnoy,RU,68.05,39.51,36.23,80,93,6.2,overcast clouds
651,Rosita,NI,13.93,-84.4,79.54,93,100,3.76,moderate rain
652,Lukoyanov,RU,55.03,44.48,52.59,86,100,6.93,overcast clouds
653,Teya,RU,60.38,92.63,31.15,97,100,1.74,overcast clouds
654,Coihueco,CL,-36.62,-71.83,77.0,36,0,18.34,clear sky
655,Padang,ID,-0.95,100.35,77.41,74,100,4.29,overcast clouds
656,Maku,IR,39.29,44.45,56.53,41,0,1.28,clear sky
657,Sawakin,SD,19.11,37.33,82.99,61,0,6.51,clear sky
658,Evensk,RU,61.95,159.23,37.47,79,100,9.22,overcast clouds
659,Manjeshwar,IN,12.72,74.89,73.4,94,90,12.41,light rain
660,Iralaya,HN,15.0,-83.23,85.59,70,100,10.29,light rain
661,Harboore,DK,56.62,8.18,48.99,82,18,5.01,few clouds
662,Nangong,CN,37.36,115.37,58.15,66,100,7.87,light rain
663,Lazeshchyna,UA,48.27,24.42,43.47,83,84,11.3,broken clouds
664,Vytegra,RU,61.01,36.45,45.1,88,100,7.96,overcast clouds
665,Phalodi,IN,27.13,72.37,82.81,15,27,6.29,scattered clouds
666,Arman,RU,59.7,150.17,41.07,87,100,36.17,moderate rain
667,Bom Jesus,BR,-9.07,-44.36,88.32,27,6,5.66,clear sky
668,Abu Dhabi,AE,24.47,54.37,87.8,58,0,4.7,clear sky
669,Honningsvag,NO,70.98,25.97,33.8,86,40,6.93,scattered clouds
670,Maceio,BR,-9.67,-35.74,78.8,74,20,12.75,few clouds
671,Mecca,SA,21.43,39.83,76.5,48,0,2.1,clear sky
672,Baghdad,IQ,33.34,44.4,69.8,28,0,3.36,clear sky
673,Manutuke,NZ,-38.68,177.92,66.99,39,1,7.0,clear sky
674,Kununurra,AU,-15.77,128.73,64.4,93,1,6.91,clear sky
675,Mbanza-Ngungu,CD,-5.25,14.87,72.18,84,100,3.02,light rain
676,Flinders,AU,-34.58,150.86,62.01,81,42,1.99,scattered clouds
677,Severo-Zadonsk,RU,54.03,38.4,53.67,92,53,7.18,broken clouds
678,Boulder,US,40.08,-105.35,75.2,20,1,4.7,clear sky
679,Pinsk,BY,52.12,26.1,58.57,84,94,17.25,overcast clouds
680,Sumenep,ID,-7.02,113.87,80.46,81,100,10.71,overcast clouds
681,Atherton,GB,53.52,-2.49,53.01,78,64,1.01,broken clouds
682,Kushmurun,KZ,52.45,64.63,48.99,49,100,4.99,overcast clouds
683,Linshui,CN,36.42,114.2,56.28,70,100,3.44,light rain
684,Houston,US,29.76,-95.36,91.0,43,1,5.84,clear sky
685,Ambunti,PG,-4.24,142.84,75.4,96,100,0.47,overcast clouds
